word,quality,def1,def2,def3
purr,3,The tiny motor inside every happy cat that turns on during cuddles,A vibrating hum that means your kitty is having the best day ever,The sound cats make when they want you to know everything is purrfect
meow,3,"The universal cat word that can mean hello, feed me, or pay attention to me right now",A kitty's favorite way to start a conversation with their human,The sound that echoes through the house at 3 AM when someone wants a midnight snack
mew,2,"The tiniest, softest sound a baby kitten makes that melts every heart",A delicate little squeak from a kitten who hasn't learned to meow yet,The sound so small and sweet it could make even a dog person say awww
hiss,2,"A cat's way of saying back off buddy, I need my personal space right now",The spicy sound an angry kitty makes when the vet gets too close,A dramatic sssss noise that means a cat is feeling feisty and fierce
chirp,2,The funny chattering sound cats make when they spot a bird through the window,A cute clicking noise that means a kitty is very excited about something it sees,The adorable bird-like sound cats make because they're secretly part parrot
paws,3,"The softest, squishiest little feet in the entire animal kingdom",Fuzzy toe-bean holders that pitter-patter across the floor at top speed,"Nature's cutest slippers, found at the end of every kitty's legs"
tail,2,A fluffy mood indicator that swishes when happy and poofs when startled,The fuzzy antenna on a cat's backside that tells you exactly how they feel,"A wiggly, waggly thing cats chase in circles when they forget it belongs to them"
fur,1,"The soft, warm coat that covers every inch of a cuddly kitty",Fluffy stuff that ends up on every piece of clothing you own,A cat's cozy built-in blanket that comes in every color of the rainbow
claws,2,Tiny retractable hooks that are purrfect for climbing trees and kneading blankets,Sharp little tools hidden inside soft paws like a kitty's secret weapons,The reason your couch has those mysterious little holes in it
tabby,2,A stripy cat with a coat pattern that makes it look like a tiny tiger,The classic kitty with beautiful stripes and an M shape on its forehead,"A cat wearing nature's own tiger costume, complete with racing stripes"
calico,2,"A patchwork kitty wearing orange, black, and white like a furry quilt",A tri-colored cat that looks like it was painted by a very creative artist,"The cat that proves three colors are better than one, and is almost always a girl"
bengal,2,A wild-looking cat with leopard spots and the energy of a tiny jungle cat,The athletic kitty that looks like a mini leopard and acts like a puppy,"A spotted, energetic cat that can jump higher than you'd believe possible"
sphynx,2,A hairless cat that feels like a warm peach and looks like a tiny alien friend,The cat that proves you don't need fur to be absolutely adorable and cuddly,"A wrinkly, bald kitty that's basically a living hot water bottle with big ears"
pounce,3,The dramatic flying leap a cat makes when attacking a toy or an unsuspecting ankle,"A kitty's signature move: wiggle the butt, lock on target, and JUMP",The acrobatic ambush that proves every house cat is a tiny lion at heart
nap,1,"A cat's favorite activity, taking up roughly 16 hours of every single day","The thing cats do best, in sunbeams, on laptops, and in laundry baskets",A short sleep that turns into a long sleep because cats have mastered relaxation
groom,2,The endless lick-lick-licking cats do to keep their fur spotlessly clean,A kitty's daily beauty routine that involves their built-in sandpaper tongue,How cats spend half their waking hours making sure every whisker is in place
knead,3,The push-push-push motion cats make with their paws on soft blankets,"Making biscuits, the adorable thing kitties do when they feel safe and happy",A rhythmic paw massage that means your cat is in absolute bliss
cuddle,2,"The warm, snuggly hug you share with a purring kitty on a cozy evening",A cat's way of saying I love you by pressing its soft body against yours,"The best feeling in the world: a warm, fuzzy cat curled up next to you"
stalk,2,"The slow, sneaky creep a cat does before pouncing on a toy or a shadow",A kitty's low-to-the-ground prowl that makes it look like a tiny panther,The dramatic hunting walk where a cat pretends a dust bunny is dangerous prey
catnip,3,"The magical herb that turns calm cats into wild, rolling, silly goofballs",A plant so amazing to cats it makes them zoom around like furry tornadoes,Nature's party favor for felines that makes everything hilarious for ten minutes
yarn,2,A ball of string that is the most irresistible cat toy in the entire universe,"Soft, colorful thread that cats bat around and tangle into adorable messes",The classic cat plaything that's been starring in kitty cartoons for over a century
collar,2,The stylish necklace around a kitty's neck with a jingly bell and a name tag,A cat's official ID badge that tells the world who this fancy feline belongs to,A fashion accessory for cats that makes a tiny ding-ding sound wherever they go
litter,1,The sandy stuff in a cat's bathroom box that keeps everything nice and tidy,Tiny granules that cats love to dig around in and sometimes track across the house,A cat's indoor sandbox that magically makes messes disappear
kibble,2,The crunchy little food nuggets that make cats come running at mealtime,"Tiny, tasty cat food pieces that go crunch-crunch-crunch in a kitty's mouth",The dry cat food that sounds like a tiny drum when it hits the food bowl
treats,2,Tiny delicious rewards that can summon a cat from any hiding spot in the house,The crinkly bag of goodies that every kitty comes running for at supersonic speed,Yummy snacks that make cats do tricks they normally pretend they can't do
kitten,3,"A tiny baby cat made entirely of fluff, curiosity, and chaos","The smallest, most adorable version of a cat that can destroy a room in minutes",A miniature furball with oversized ears and eyes that could melt a glacier
kitty,3,"The cutest name for a cat, used by everyone who has ever loved one",A sweet little word for your favorite furry friend with the softest paws,What you call a cat when you're using your baby voice and can't help it
tomcat,2,A boy cat who struts around the neighborhood like he owns the place,A male kitty with big cheeks and an adventurous spirit,The cool dude of the cat world who thinks every alley is his kingdom
feline,2,The fancy scientific word for a cat that makes you sound super smart,What you call a kitty when you want to be extra proper and sophisticated,The official term for the fluffy purring creature hogging your pillow
moggy,2,A lovable mixed-breed cat with no fancy pedigree but all the personality,"The British word for a regular everyday kitty, and it sounds adorable",A mutt of the cat world that's just as wonderful as any purebred
stray,1,A cat without a home who's just waiting for someone kind to adopt it,An outdoor kitty who would love nothing more than a warm lap and a full bowl,A wandering cat looking for its forever family and a cozy spot to sleep
mouser,2,A cat with a special talent for catching mice and keeping the house critter-free,A skilled hunting kitty who takes its pest-control job very seriously,The official title for a cat employed in the noble art of mouse chasing
toe beans,3,The adorable little pink pads on the bottom of a cat's paws,"Nature's cutest jelly beans, found on furry feet","The squishiest, most boop-able part of any kitty"
cat nap,3,A short snooze that somehow always turns into a three-hour sleep session,The quick rest cats take between their regularly scheduled long naps,A brief doze in a sunbeam that recharges a kitty's zoomies battery
belly rub,3,The dangerous game of touching a cat's fluffy tummy and hoping to keep your hand,The ultimate trust exercise between a cat and its human,A soft tummy scratch that might end in purrs or might end in a claw trap
fur ball,2,"A round, fluffy cat curled up so tight you can't tell which end is which",A clump of fur a cat coughs up after too much grooming,A perfectly spherical kitty loaf made of 100% pure fluff
litter box,2,A cat's private bathroom that must be kept spotlessly clean or you WILL hear about it,The indoor sandbox that every cat owner knows needs daily scooping,A kitty's personal toilet that they insist on using right after you clean it
cat tree,2,A multi-level climbing tower that turns your living room into a kitty playground,The indoor jungle gym where cats nap on platforms and peek out of cubbies,A towering cat castle that costs more than your own furniture
toy mouse,2,A fuzzy little fake rodent that cats love to bat under the couch and then cry about,"The pretend prey that gets pounced on, kicked, and carried around the house proudly","A stuffed squeaky thing that ends up in your shoe, your bed, and your water glass"
floof,3,An extremely fluffy cat that looks like a walking cotton ball with eyes,The scientific term for a cat with so much fur it doubles its actual size,A poofed-out kitty that's basically just a cloud with whiskers and a heartbeat
boop,3,The gentle nose-touch you give a kitty's pink snoot because you simply cannot resist,The softest little tap on a cat's nose that brings maximum joy,The universal urge to touch a cute cat nose with your fingertip
blep,3,When a cat forgets to put its tiny tongue back in its mouth and looks hilariously goofy,The adorable mini tongue-sticking-out face that cats make by accident,"A kitty's tongue poking out just a teeny bit, creating the cutest expression ever"
loaf,3,"A cat sitting with all four paws tucked underneath, looking like a fluffy bread loaf",The compact sitting position where a kitty hides its legs and becomes a rectangle,When a cat transforms into a perfect little bread shape on the couch
tuxedo,2,A black and white cat that always looks dressed up for a fancy party,A kitty born wearing nature's most dapper formal suit,"The classiest cat color pattern, like a fluffy little gentleman or lady"
nuzzle,2,When a cat rubs its soft face against you to say you are mine now,The gentle head-push a kitty gives when it wants love and attention,A warm fuzzy face-smoosh that means your cat has officially claimed you
trill,2,The rolling chirpy sound between a meow and a purr that means oh hello there,A musical little greeting noise that happy cats make when they see their favorite person,The adorable brrrrp sound a cat makes that's basically a tiny furry doorbell
sploot,2,When a cat lies flat with its back legs stretched out behind it like a furry frog,The hilarious pose where a kitty's hind legs go full pancake mode,A flat-out lying position that proves cats are actually made of liquid
perch,2,The high-up spot where a cat sits to survey its kingdom like a tiny ruler,Any elevated surface a kitty claims as its personal lookout tower,"The top of the bookshelf, fridge, or door where cats somehow end up"
prowl,2,"The slow, mysterious walk cats do when they're pretending to be jungle predators",A sneaky nighttime patrol around the house checking for invisible intruders,The stealthy strut that makes every house cat feel like a majestic panther
snooze,1,"What cats do for most of the day, in every possible position and location","A gentle sleep that can happen anywhere: shelves, sinks, shoes, or your face",The art of sleeping that cats have elevated to a professional skill
leap,1,The incredible jump a cat makes that defies gravity and common sense,A gravity-defying bound that can take a kitty from floor to countertop in one hop,The athletic spring that proves cats have invisible trampolines in their paws
chase,1,"The high-speed pursuit of laser dots, bugs, and invisible things only cats can see","A thrilling kitty sprint after anything that moves, wiggles, or rolls",The exciting game where a cat runs after something at maximum zoomy speed
pet,1,The gentle stroking motion that turns a regular cat into a purring machine,What every kitty secretly wants even when it pretends to be too cool for affection,The act of running your hand along soft fur until the cat or you falls asleep
sit,1,"What cats do on anything they're not supposed to: keyboards, books, clean laundry",A cat's way of claiming territory by plonking its fuzzy bottom down on it,The rare trick some cats can learn but most choose to ignore entirely
play,1,"The exciting activity that involves batting, chasing, and destroying small objects",A kitten's full-time job and an adult cat's favorite hobby after napping,"The wild fun cats have with strings, balls, and invisible things only they can see"
hide,1,"A cat's favorite game, usually played inside boxes, bags, and behind curtains",What kitties do when the vacuum cleaner comes out or company arrives,The mysterious disappearing act cats perform right before a vet visit
climb,1,"What cats do to anything vertical: trees, curtains, bookshelves, and your legs",A kitty's way of reaching the highest point in any room to survey its domain,The gravity-defying skill that lets cats end up in places they definitely shouldn't be
lick,1,A cat's rough little tongue bath that doubles as both grooming and showing affection,The sandpapery kiss a kitty gives your hand when it thinks you need a wash,"How cats clean themselves, their friends, and sometimes your face at 6 AM"
yawn,1,The dramatic mouth-opening stretch that shows off every tiny kitty tooth,A cat's way of showing you its impressive collection of little fangs,The big sleepy mouth-stretch that's somehow terrifying and adorable at the same time
adopt,2,The wonderful moment when a shelter cat picks you to be its forever human,"Giving a kitty without a home the love, warmth, and snuggles it deserves",The best decision any cat lover can make: saving a furry life and gaining a best friend
muffin,1,"A round, chubby cat that looks like a delicious baked good with eyes",The sweet nickname for any pudgy kitty who loves treats a little too much,"A fluffy, rotund feline that resembles a freshly baked pastry on a cushion"
box,1,A cardboard container that cats love more than any expensive toy you could buy,"The ultimate cat magnet: if it fits, they sits, no matter how small","A simple square of cardboard that becomes a fortress, bed, and kingdom for any kitty"
window,1,"A cat's favorite television channel, showing live birds, squirrels, and neighborhood drama",The glass screen where kitties watch the outdoor world like a nature documentary,"A cat's portal to bird-watching, sun-bathing, and chattering at things it can't reach"
orange cat,2,A ginger kitty famous on the internet for sharing one brain cell with all other orange cats,A marmalade-colored feline known for being extra goofy and lovably silly,"The goofball of the cat world, wearing a bright sunset-colored coat of chaos"
head bonk,2,"The firm little headbutt a cat gives you when it really, truly loves you",A kitty's way of bumping its head against yours to share its scent and affection,The best compliment a cat can give: a solid forehead-to-face smoosh
maine coon,2,A giant fluffy cat that's basically the size of a small dog with a magnificent mane,The gentle giant of the cat world with tufted ears and a bushy raccoon-like tail,"A majestic, extra-large kitty that looks like it belongs in a fairy tale forest"
scratching post,2,The tall fuzzy pole you buy hoping your cat will stop clawing the sofa,A kitty's personal claw-sharpening station wrapped in rope or carpet,The thing cats use after they've already destroyed the furniture
milk bowl,1,The classic saucer of milk that makes every kitty feel like a storybook cat,A shallow dish of creamy goodness that cats lap up with their tiny pink tongues,The traditional treat served at floor level for the fanciest feline guests
tabby cat,2,A stripy kitty that carries a little piece of the wild tiger in its DNA,"The most common and beloved cat pattern, with an M on its forehead like a superhero mark",A classic striped cat that has been winning hearts for thousands of years
cat bed,1,An expensive cushion your cat ignores in favor of sleeping in the cardboard box it came in,A cozy little nest designed for kitties but usually rejected for a laundry basket,"The softest, fanciest sleeping spot that somehow is never as good as a paper bag"
swat,2,The lightning-fast paw smack a cat gives to anything that dares to move nearby,A quick bap with a fuzzy paw that says I am the boss of this dangling string,"The speedy little slap cats use to knock pens, toys, and snacks off any surface"
fluff,2,"The soft, puffy fur that makes every kitty look like a huggable cloud","What cats are mostly made of, along with purrs and a little bit of mischief",The fluffy stuff that floats off a cat and lands on absolutely everything you own
sniff,2,A cat's way of investigating every new object with its super-powered nose,The careful nose-wiggle a kitty does before deciding if something is friend or foe,How cats read the invisible newspaper of smells that humans can't even imagine
plop,2,The dramatic flop a cat does when it decides this exact spot is nap time,The sound a chunky kitty makes when it drops onto the couch like a furry beanbag,A cat's graceful technique of simply falling over sideways when it's time to relax
swish,2,The elegant side-to-side motion of a cat's tail when something has its attention,A fluffy tail sweeping back and forth like a furry windshield wiper,The graceful tail wave that means a kitty is thinking about pouncing on something
doze,1,"A light, dreamy sleep where a cat's ears still twitch at every tiny sound",The half-awake nap a kitty takes while pretending it's still on guard duty,"Drifting off to dreamland with one eye slightly open, just in case treats appear"
scoot,2,The speedy little shuffle a cat does across the floor when it spots a bug,"A quick, low-to-the-ground dash that makes a kitty look like a fuzzy hovercraft",The adorable wiggle-run cats do when they're too excited to walk normally
flick,2,The quick tail-tip twitch that means a cat is mildly annoyed or very focused,A tiny ear movement cats make when they hear a sound but are too comfy to look,The rapid paw bat a kitty gives to a toy to send it flying across the room
munch,2,The happy crunching sound a cat makes while devouring its favorite kibble,Nom-nom-nomming on treats with the enthusiasm of a tiny furry food critic,The adorable chewing a kitty does that makes mealtime sound like a tiny celebration
slink,2,"The smooth, low creep a sneaky cat does when it's on a top-secret mission","Moving like liquid silk across the floor, the way only a stealthy kitty can",The mysterious glide cats do when they're pretending to be invisible ninjas
claw,2,"A single sharp, curved hook hidden inside a soft, innocent-looking paw","The tiny retractable blade a kitty uses for climbing, scratching, and gentle love-pricks",A cat's secret weapon that pops out only when it's time to play or scale the curtains
mrow,2,"The weird, wobbly meow a cat makes when it's feeling extra dramatic about something","A goofy, drawn-out kitty sound that's half meow and half questionable life choices","The funny noise cats make at 2 AM that sounds like a tiny, furry opera singer"
zoom,2,The sudden burst of speed that turns a sleepy cat into a furry rocket ship,Racing through the house at top speed for absolutely no reason whatsoever,The turbo mode cats activate at midnight that sounds like a stampede of tiny hooves
hug,2,When a cat wraps its paws around your arm and holds on with all its fuzzy might,The sweetest kitty embrace that melts your heart and sometimes traps your hand,"A warm, furry squeeze from a cat who wants you to know you're their favorite human"
rub,1,The full-body smoosh a cat does against your legs to mark you as its property,A kitty's way of giving you a fuzzy massage while secretly leaving its scent on you,"The warm, soft press of a cat's cheek against your hand asking for more attention"
yowl,2,The loud dramatic cry a cat makes when it has very strong feelings about something,A long howling meow that means a kitty is either upset or auditioning for a cat opera,The wailing sound that makes you rush over to check if your cat is okay or just being dramatic
huff,1,The tiny annoyed breath a cat lets out when things are not going its way,A little puff of air from a grumpy kitty who wanted tuna but got kibble,The cat version of an eye roll expressed as one short frustrated breath
squeak,2,The adorable high-pitched sound a surprised kitty makes instead of a proper meow,A tiny eep that happens when you accidentally step near a sleeping cat,The cutest noise in the world that comes out of cats who forgot how to meow
fangs,2,The two tiny sharp teeth that poke out when a cat gives you a vampire smile,"Little pointy daggers hidden in a cute face, perfect for chomping treats",The teeny teeth that make every yawning cat look like a fluffy little Dracula
beans,3,The squishy pink pads on a kitty's paws that look like tiny jelly candies,The most adorable part of any cat foot that everyone wants to squish and squeeze,Little round toe pads that come in pink and black and are always worth booping
snoot,2,The cute pointy nose area of a cat that is always begging to be booped,A kitty's adorable little snout that twitches when it smells something interesting,The soft fuzzy nose zone that cats push into your hand when they want attention
tummy,2,The fluffy belly of a cat that looks so soft but might be a trap,"A kitty's round, furry underside that is either a cuddle zone or a danger zone",The irresistibly soft cat belly that tempts you even though you know the risks
rag doll,3,A big floppy cat with blue eyes that goes limp like a stuffed animal when you hold it,The cuddliest cat breed that melts into your arms like a furry puddle,A gorgeous blue-eyed kitty that's basically a living breathing teddy bear
cat zoomies,3,The wild burst of energy that makes a cat sprint laps around the house like a race car,"The sudden unstoppable need to run at top speed, usually at 3 AM",When a calm kitty suddenly transforms into a furry tornado for no reason at all
wiggle,2,The adorable butt-shake a cat does right before it pounces on something,The pre-launch wobble that means a kitty is locked on its target and ready to leap,A funny little shimmy that gets a cat's whole back end moving before the big jump
tumble,1,"The clumsy roll a kitten does when it tries to be graceful but fails adorably",A silly somersault that happens when a cat misjudges a jump just a little bit,The goofy rolling fall that kittens do on purpose and adult cats pretend never happened
bat,1,"The quick little paw tap a cat gives to anything interesting, suspicious, or small","A gentle smack-smack-smack a kitty does to test if something is alive, dangerous, or fun",The classic cat move of tapping an object off the table one paw-push at a time
roll,1,The happy flopping motion a cat does on its back when it's feeling silly and playful,A wiggly back-and-forth that means a kitty is having the best time on the carpet,The goofy move where a cat flops over and shows its tummy to the whole world
dig,1,The frantic scratching motion cats make in their litter or on the carpet,A kitty's enthusiastic pawing at blankets to make the purrfect sleeping nest,The determined digging a cat does even on hard floors where there is nothing to dig
lap,1,The warm cozy spot on a human's legs that every cat considers its personal throne,A kitty's favorite seat in the house that just happens to be attached to a person,The prime napping real estate that cats claim the second you sit down
fetch,1,The surprising trick some cats actually do when they bring back a tossed toy,A dog move that certain clever kitties have learned to do with their favorite toys,The game where a cat retrieves a toy and drops it at your feet demanding another throw
snore,1,The tiny rumbling sound a deeply sleeping cat makes that is somehow adorable,The soft buzzy breathing noise a kitty makes when it's lost in dreamland,Little sleepy noises that prove a cat is having the most relaxing nap ever
wink,1,The slow one-eyed blink a cat gives you that means I trust you with my whole heart,A kitty's way of sending a secret love message with just one eye,The cutest one-eye-closed look that makes you feel like the most special human alive
peek,1,The sneaky little head-pop a cat does when checking if the coast is clear,A curious kitty peering around a corner with just its eyes and ears visible,The stealthy look-around cats do before committing to entering a room
chonk,3,A delightfully round and chunky cat that is shaped like a fuzzy bowling ball,"An absolute unit of a kitty, big and round and proud of every ounce","The internet's favorite word for a cat who clearly never skips treat time"
smol,2,An extremely tiny cat or kitten that is almost too small and cute to be real,The internet word for when a kitty is so little it makes your heart explode,A teeny weeny cat so small it could probably ride around in your pocket
void,2,A solid black cat that looks like a little piece of the midnight sky with eyes,A dark kitty that becomes invisible at night except for two glowing eyes,The spooky-cute name for a black cat that disappears into every shadow
flop,2,The dramatic sideways fall a cat does when it decides gravity is optional,The boneless collapse of a kitty who has reached maximum relaxation levels,When a cat simply gives up on standing and melts onto the nearest surface
bell,1,"The tiny jingly ball on a cat's collar that goes ding-ding-ding everywhere",A small jingling sphere that lets you know where your sneaky kitty is hiding,"The little round noisemaker that turns a silent ninja cat into a walking wind chime"
fish,1,The number one favorite food that makes every cat lose its mind with excitement,The yummy treat that cats can smell from three rooms away and always want more of,A kitty's dream meal that turns even the pickiest eater into a happy muncher
tuna,2,The ultimate cat delicacy that can wake a sleeping kitty from across the house,The magical can of fish that makes cats appear out of thin air when you open it,The fancy feast that turns every cat into your new best friend immediately
mouse,1,"A tiny squeaky creature that cats are born to chase, real or stuffed",The little critter that makes cats go into full hunter mode in two seconds flat,Every cat's favorite thing to catch whether it's alive or made of felt and catnip
string,2,The simple toy that provides a cat with hours of batting and tangling entertainment,A wiggly dangly thing that no cat on earth can resist chasing and grabbing,The cheapest and most beloved cat toy that beats any fancy gadget every time
sun spot,3,The warm patch of sunshine on the floor that cats guard like buried treasure,A golden square of sunlight that is the most valuable real estate in any cat's home,The toasty warm spot that moves across the floor with a cat following right behind it
lap cat,2,A kitty that lives for sitting on people and refuses to let them stand up,"A cat whose favorite hobby is parking itself on a warm human, purring loudly",The type of cat that turns every sitting-down moment into mandatory cuddle time
cat flap,2,The tiny swinging door that lets a kitty come and go like it owns the place,A small hinged opening that gives cats the freedom to patrol the yard whenever they want,The mini entrance that cats use at maximum speed especially at 5 AM
slow blink,3,The long dreamy eye-close a cat gives you that is basically a kitty kiss,The gentle blinking motion that scientists proved means a cat really loves you,A cat's way of saying I feel totally safe with you using only its eyelids
big stretch,3,The full-body extension a cat does after a nap that looks like kitty yoga,"The long, dramatic reaching stretch that makes a cat twice its normal length",The after-nap routine where every leg and toe goes as far as it possibly can
nine lives,3,The magical power people say cats have because they always land on their feet,The legendary extra chances that explain how cats survive their wildest adventures,"The mythical kitty superpower that makes them seem invincible, brave, and lucky"
scaredy cat,2,A timid little kitty that jumps at cucumbers and runs from its own shadow,A nervous cat that thinks everything new is extremely suspicious and scary,The fraidy-cat who hides under the bed when someone knocks on the door
fish face,1,The funny face a cat makes when it opens its mouth to smell something extra stinky,The hilarious wide-eyed open-mouth look cats get when they use their special smell sensor,The goofy expression called flehmen that makes cats look totally shocked and silly
love bite,2,The gentle little chomp a cat gives your hand when it feels extra affectionate,A soft nibble that means a kitty loves you so much it could just eat you up,The tiny teeth-press that walks the line between I love you and I might nom you
cat scan,2,The intense staring a cat does when it's judging everything in the room,"A kitty's thorough visual inspection of any new object, person, or suspicious shadow","When a cat slowly looks around a room like it's running a furry security check"
mlem,3,"The silly lick where a cat sticks its tongue way out and slurps it back in","When a kitty licks its nose, lips, or the air in the most ridiculous way possible",The goofy tongue motion that looks like a cat is tasting invisible ice cream
derp,2,"The goofy face a cat makes when it forgets how to be graceful for a second","A silly, vacant expression that proves even elegant cats have clumsy moments",The look a kitty gets when its brain takes a tiny vacation and nobody's home
catio,2,An enclosed outdoor patio built specially so cats can enjoy fresh air safely,A kitty's very own screened-in porch for bird watching and sunbathing,The fancy outdoor room that lets indoor cats pretend they're wild jungle explorers
cat taps,2,"The gentle pat-pat-pat a cat does with its paw when it wants your attention","Soft, polite little touches that mean excuse me human I require something",The adorable way cats knock on things instead of using their words
manx,2,A round little cat born without a tail that hops around like a tiny bunny,The cute tailless kitty that proves you don't need a tail to be adorable,A bouncy cat breed that looks like someone forgot to attach the last piece
bombay,2,A sleek black cat with golden eyes that looks like a mini panther,"The gorgeous midnight-colored kitty that's basically a tiny, cuddly jungle cat",A shiny black cat breed that walks around looking like royalty on velvet paws
birman,2,A fluffy cat with bright blue eyes and adorable white-gloved paws,The elegant kitty that looks like it's wearing tiny white socks on all four feet,A silky-furred beauty with the prettiest blue eyes and the softest mittens
poof,2,"The instant fluffing-up a scared cat does when its fur stands on end","When a kitty suddenly becomes twice its size because something startled it",The dramatic transformation from sleek cat to giant fuzzy puffball in half a second
arch,1,The classic Halloween cat pose where a kitty curves its back way up high,The spooky-looking back bend a startled cat does to look bigger and scarier,"A cat's way of saying I am huge and fierce, even though it's actually tiny"
strut,2,The confident walk a cat does when it knows it's the prettiest thing in the room,A sassy little parade-step that says I own this house and everything in it,The proud prancing walk that makes every cat look like a tiny supermodel
nibble,1,A gentle little bite that's more love than chomp,The tiny teeth-press a cat gives your finger to say I like you this much,A soft mini-chomp that's a kitty's version of a kiss with just a hint of teeth
nestle,1,When a cat burrows into the coziest spot it can find and refuses to move,"The act of a kitty wiggling into blankets, pillows, or your armpit for maximum warmth",A cat's talent for finding the snuggliest nook in any room and claiming it forever
pad,1,"The soft, cushiony bottom of a cat's paw that makes zero sound on the floor",A kitty's built-in sneaker that lets it walk around like a tiny silent ninja,The squishy part of a cat's foot that is somehow both tough and incredibly soft
sprint,1,The sudden full-speed dash a cat does from one end of the house to the other,A lightning-fast kitty run that happens for no reason and ends just as suddenly,The blur of fur that zooms past you at the speed of sound for absolutely no reason
twitch,1,The tiny ear or whisker wiggle a cat does when it hears something interesting,A small involuntary movement that means a kitty's radar has detected something,The little flutter of a cat's ear that says I heard that even though I look asleep
fur baby,2,The name cat parents use for their beloved furry child,A precious kitty that is loved and spoiled as much as any human kid,What you call your cat when introducing it as a member of the family
cat lady,2,A person with a magnificent collection of cats and absolutely no regrets,The honorary title for anyone who has organized their entire life around their cats,A human who is proudly owned by multiple cats and wouldn't have it any other way
ear floof,2,The adorable tufts of fluffy fur that poke out of a cat's ears like tiny feathers,The soft fuzzy hairs inside a kitty's ears that make them look extra fancy,The cute ear furnishings that turn a regular cat into a majestic fluffy creature
chin rub,2,The gentle scratching under a cat's chin that makes it melt into pure bliss,The magic spot where one little rub turns any cat into a purring puddle,The instant happiness button located right under every kitty's fuzzy chin
paw pad,2,The squishy pink or black cushion on the bottom of every cute cat foot,A kitty's built-in shock absorber that makes every landing super soft and silent,The smooshy little pad that leaves the tiniest paw prints everywhere
cat dad,1,A proud human dad whose kids happen to be small and covered in fur,A man who has fully surrendered his home and heart to one or more cats,The guy who pretends the cat isn't allowed on the bed but secretly cuddles it every night
soft paws,2,The gentle touch of a kitty whose claws are tucked safely away inside,A cat's way of being extra polite by keeping its sharp bits hidden during pets,"The velvet mittens a cat wears when it's feeling loving, not feisty"
cat walk,2,The narrow ledge or path a cat struts along like it's in a fashion show,"The top of any fence, shelf, or railing that a cat turns into its personal runway","A kitty's balanced stroll across something impossibly thin, done with zero effort"
cat scratch,2,The satisfying claw-drag a cat does on any surface that feels good under its paws,A kitty's way of keeping its claws sharp and marking its territory at the same time,"The thing cats do to furniture, rugs, and cardboard with equal enthusiasm"
whisker,2,One of the long magical feelers on a cat's face that helps it sense the world,A single bendy hair that tells a kitty if it can fit through a space,The fancy face antenna that makes cats look wise and distinguished
siamese,2,A chatty cat with beautiful blue eyes and a creamy coat with dark points,The talkative kitty that always has something to say about everything,A sleek cat with a dark face and paws that looks like it's wearing a fancy mask
persian,2,A squishy-faced cat with the fluffiest fur and the most regal attitude,The poufy glamorous kitty that looks like royalty lounging on a velvet pillow,A flat-faced fluffball that always looks slightly unimpressed with everything
zoomies,3,The wild burst of energy that makes a cat sprint laps around the house like a race car,"The sudden unstoppable need to run at top speed, usually at 3 AM",When a calm kitty suddenly transforms into a furry tornado for no reason at all
teefies,3,The tiny little teeth you see when a cat opens its mouth just a little bit,A close-up look at a kitty's adorable mini fangs that are too cute to be scary,The cutest set of itty-bitty chompers in the entire animal kingdom
purrito,3,A cat wrapped snugly in a blanket like a fuzzy little burrito,The adorable result of swaddling a kitty into a warm cozy roll,A bundled-up cat that looks like the most delicious Mexican food you'd never eat
caturday,2,The best day of the week when cat lovers post extra pictures of their kitties,Saturday but better because it's dedicated to celebrating cats everywhere,"The unofficial cat holiday that happens every single week, fifty-two times a year"
purrfect,3,The cat lover's way of saying something is absolutely flawless,The best pun in the cat world that makes every kid giggle and every adult groan,A word that proves cats make everything better including the English language
whiskers,3,The magnificent long feelers on a cat's face that sense everything around it,A kitty's built-in measuring tape that checks if spaces are wide enough to fit through,"The fancy face antennae that give every cat a look of wisdom, curiosity, and style"
scratch,2,The satisfying drag of claws on a surface that every cat finds irresistible,A kitty's essential claw-sharpening routine done on anything within reach,The sound that tells you a cat has found your favorite piece of furniture
ragdoll,3,A big floppy cat with blue eyes that goes limp like a stuffed animal when you hold it,The cuddliest cat breed that melts into your arms like a furry puddle,A gorgeous blue-eyed kitty that's basically a living breathing teddy bear
tortie,2,A cat with a beautiful swirled mix of black and orange patches in its fur,The feisty kitty with a coat that looks like autumn leaves all jumbled together,"A tortoiseshell-patterned cat known for having a sassy, spirited personality"
tabby stripes,2,The classic pattern of lines and swirls that make a cat look like a tiny wild tiger,The beautiful markings on a kitty's coat that come in mackerel or classic shapes,Nature's way of painting racing stripes on the world's most adorable animal
kitty cat,3,The most adorable way to say cat that makes everyone use their baby voice,A double dose of cuteness in two little words that describe your favorite pet,The sweetest name for any feline friend that automatically makes you smile
cat eyes,2,The mesmerizing glowing orbs that can see in the dark and stare into your soul,A kitty's gorgeous peepers that come in green and gold and blue and copper,The beautiful round windows to a feline's mysterious and curious mind
head bump,2,The firm little headbutt a cat gives you when it wants to share its scent,A kitty's way of marking you as its favorite person with a gentle bonk,The affectionate skull-press that says I love you in cat language
belly flop,2,The dramatic face-first landing a playful kitten does when it misjudges a jump,The hilarious moment when a cat throws itself at the ground for maximum belly exposure,A silly tumble that ends with a kitty on its back looking confused but happy
back arch,2,The classic Halloween cat pose where a kitty curves its spine way up high,The spooky-looking stretch a startled cat does to look bigger and scarier,"A cat's way of saying I am huge and fierce, even though it's actually tiny"
cattitude,3,The sassy confident personality that every cat carries around like a crown,A feline's built-in sense of superiority that makes them the boss of every household,The unmistakable diva energy that radiates from a cat who knows it runs the show
catnapper,2,A kitty who has turned sleeping into an Olympic-level professional sport,A cat that can fall asleep anywhere and everywhere at a moment's notice,The furriest little snoozer who treats every surface as a potential bed
toe floof,2,The cute tufts of fur that stick out between a kitty's toe beans,The fluffy bits poking from between cat toes that look like tiny feather dusters,Adorable fuzzy sprouts growing from a cat's paws that make walking extra soft
ear tufts,2,The pointy fur tips on a cat's ears that make it look like a baby lynx,The fancy ear-top fur that gives certain breeds a wild and majestic appearance,Cute fuzzy points on a kitty's ears that add an extra touch of adorable
face plant,1,When a sleepy cat just drops its head straight into whatever surface is closest,The hilarious moment a tired kitty falls asleep mid-groom and bonks its own face,A cat's graceful technique of pressing its entire face flat into a cushion
tail poof,2,The instant fluffing of a cat's tail when something startles or excites it,The dramatic transformation of a normal tail into a giant bottle brush in one second,When a kitty's tail suddenly triples in size because a cucumber appeared
midnight run,2,The wild sprint cats do through the house when everyone is trying to sleep,A 3 AM zoomie session that sounds like a herd of tiny horses in the hallway,"The nightly marathon that proves cats save their best energy for bedtime"
cat fort,1,A blanket draped over chairs that becomes a kitty's secret hideaway castle,The elaborate pillow structure a cat claims as its private cozy fortress,"Any box, bag, or tent-like space that a cat immediately declares as its own"
cat hair,1,The fluffy stuff that covers everything you own and never fully goes away,A cat's way of decorating your clothes and furniture with tiny furry souvenirs,The permanent accessory that comes free with every cat and sticks to every fabric
side eye,2,The suspicious sideways glance a cat gives when it's judging your life choices,A kitty's way of looking at you without turning its head because you're not worth the effort,The hilarious half-look cats give when they're unimpressed but still watching
head tilt,2,The adorable sideways head turn a cat does when it hears a funny sound,A curious kitty's way of saying what was that noise and should I investigate,The cutest questioning pose that makes any cat look like a confused little owl
milk paws,2,The rhythmic pushing motion kittens do while nursing that carries into adulthood,Another cute name for the biscuit-making kneading cats do on soft things,The gentle push-push of happy paws that means a kitty feels safe and loved
primrose,1,A sweet flowery name that perfectly suits a dainty little lady cat,The kind of pretty name you give a kitten who sits with perfect posture,A delicate cat name that sounds like it belongs in a fairy tale garden
cattail,2,The tall fuzzy plant that shares its name with a kitty's favorite body part,"A reed that looks like it was named after the floofiest, longest cat tail ever",The nature plant that proves even the outdoors wants to be cat-themed
hairball,2,The not-so-glamorous gift a cat coughs up after too much self-grooming,The fuzzy lump that appears on the carpet right where you're about to step,A tiny fur package that reminds you your cat spends half its day licking itself
sardine,1,The tiny fish that makes cats appear from nowhere the moment you open the tin,"A smelly little treat that cats consider the fanciest, most gourmet meal ever",The fishy snack that gives a kitty the most intense happy-face you've ever seen
sniffer,2,A cat's powerful nose that can detect treats being opened from three rooms away,The tiny pink or black button on a kitty's face that wiggles when it smells things,A feline's super-sensitive nose that knows what's for dinner before you do
cattish,1,Acting like a cat: aloof one moment and demanding cuddles the next,"The quality of being independent, mysterious, and adorable all at once",Behaving in the classic feline way of ignoring someone until you want something
fluffy,2,The ultimate compliment for any cat with a generous amount of soft fur,"Covered in so much fur that the actual cat inside is much smaller than expected",The best adjective for a kitty that looks like it was made from a cloud
purebred,1,A cat with a fancy family tree and an official breed certificate,A pedigreed kitty whose ancestors were all the same impressive breed,The prestigious label for a cat whose lineage is fancier than most humans
alley cat,2,A tough little street kitty that has seen some things and has stories to tell,A free-roaming cat that considers the whole neighborhood its personal kingdom,"The scrappy, independent feline that proves you don't need a home to have attitude"
copycat,2,A cat that hilariously imitates everything its sibling or owner does,The funny word for when one kitty sees another cat doing something and copies it exactly,A feline follower who proves cats pay way more attention than they pretend to
scaredy,1,A timid kitty that jumps at every little noise and hides from its own shadow,The nervous cat who thinks the vacuum cleaner is a terrifying monster,A cautious feline who prefers to observe danger from under the bed
tabletop,1,The forbidden surface that cats are absolutely not allowed on but always claim,"The elevated platform in the kitchen that every cat insists on sitting on, always",The flat surface where cats knock things off the edge purely for entertainment
midnight,1,The witching hour when cats suddenly activate their wild hunting instincts,The magical time of night when a sleeping cat transforms into a zooming maniac,The hour black cats blend perfectly into the darkness with only their eyes showing
pouncing,2,The dramatic butt-wiggle-then-leap move that makes every cat a tiny predator,The classic hunting technique cats practice on toys and unsuspecting ankles,The adorable attack launch sequence: crouch and wiggle and spring and GOTCHA
snuggle,2,The warm cozy act of a cat pressing itself as close to you as physically possible,A full-contact cuddling session where a kitty melts into your personal space,The best part of having a cat: being completely wrapped in warm purring fluff
whisker pad,2,The puffy rounded area on a cat's face where all those magnificent whiskers grow,The adorable chubby cheeks on a kitty's muzzle that make it look extra cute,The squishy face cushions that hold a cat's most important sensory equipment
tail tip,1,The very end of a cat's tail that often has a mind of its own,The last little bit of tail that keeps twitching even when the rest of the cat is still,The tiny furry point that waves around like a flag saying notice me
eye shine,2,The spooky green glow a cat's eyes make when light hits them in the dark,The reflective flash that makes kitty eyes look like tiny headlights at night,The eerie beautiful gleam that proves cats have built-in night vision superpowers
kneading,3,The push-pull paw motion cats make on blankets when they're super happy,Making invisible biscuits with both paws on anything soft and squishy,The adorable rhythmic pressing that means a kitty is in absolute bliss mode
scratchy,1,The rough texture of a cat's tongue that feels like warm sandpaper on your skin,"How a kitty's kiss feels: surprisingly rough, surprisingly lovely",The affectionate lick from a cat that exfoliates your hand whether you want it or not
roly poly,2,A round little cat that rolls around on the floor like a fuzzy bowling ball,A chubby kitty that tucks into a ball and tumbles over with maximum cuteness,"The adorable rolling motion kittens do when they're feeling silly and playful"
bouncy,1,The springy way kittens move when everything in the world is new and exciting,A kitten's default mode of transportation: hop-hop-hop in every direction,The joyful boing-boing energy that makes young cats look like tiny furry kangaroos
whisker twitch,2,The tiny movement of a cat's whiskers when it detects something interesting,The subtle face-flutter that means a kitty has sensed a treat or a toy nearby,A micro-movement that reveals a cat is paying attention even when it looks asleep
night owl,1,A cat that saves all its energy for after bedtime and parties until dawn,The feline who treats midnight like the most exciting time of day,A kitty whose internal clock says sleep all day and zoom all night
paw print,2,The tiny perfect stamp a cat's foot leaves that looks like a little flower,The adorable mark a kitty makes when it walks through paint or wet concrete,A miniature foot impression that's the cutest evidence a cat was here
cat tower,2,A multi-story climbing structure that is basically a kitty apartment building,The elaborate piece of furniture cats love more than anything you own,A towering cat kingdom with platforms and caves and scratching posts galore
purr box,2,A cat that purrs so loudly it sounds like a tiny rumbling engine,The affectionate name for a kitty whose purring can be heard across the room,A feline whose internal happiness motor runs at maximum volume at all times
fuzzy,1,Covered in soft downy fur that begs to be petted and snuggled,The perfect word for describing how a cat feels against your cheek,"Delightfully soft and hairy, like a tiny warm cloud with a heartbeat"
lap nap,2,The sacred moment when a cat falls asleep on your legs and you can never move again,A cozy snooze taken on a human's lap that freezes the human in place forever,The nap that turns whoever is sitting down into a living cat bed with no escape
cat loaf,3,A sitting cat with all paws tucked under looking like a perfect fluffy bread,The rectangular resting position that turns any kitty into baked goods,"When a cat becomes a smooth, legless lump of pure cozy contentment"
claw mark,1,The tiny scratch lines on furniture that tell the story of a cat's adventures,A small souvenir left behind by a kitty's sharp little hooks,The signature a cat leaves on anything it decides needs its personal touch
purr motor,2,The mysterious vibrating engine inside every happy cat that nobody fully understands,The built-in rumble machine that activates whenever a kitty feels loved,"A cat's internal happiness generator that runs on cuddles, treats, and chin rubs"
feather toy,2,The fluffy dangling plaything that no cat can resist chasing and grabbing,A wispy wand toy that makes every kitty turn into a leaping acrobat,The ultimate cat entertainment device: a stick with feathers that drives cats wild
jingle ball,1,A tiny plastic ball with a bell inside that cats bat around the house at 3 AM,The small noisy sphere that rolls under the couch approximately one thousand times,A cat's favorite toy that always ends up in the most unreachable spot possible
cat kisses,2,The slow gentle blinks a kitty gives you that mean I trust you completely,Soft eye-closes that are a feline's version of blowing you a smooch,The sweetest silent message a cat sends using nothing but its eyelids
ankle bite,1,The surprise chomp a playful cat gives your feet as you walk by unsuspecting,A tiny ambush attack from a kitty hiding behind a corner waiting for its target,The lightning-fast foot-grab that reminds you a small predator lives in your house
catnapping,2,The art of sleeping for tiny stretches throughout the entire day and night,A cat's professional skill of dozing off absolutely anywhere at any time,"Napping elevated to an extreme sport, performed by the world's sleepiest athletes"
shedding,1,The never-ending process of a cat leaving its fur on every surface imaginable,A cat's generous contribution of loose hair to your clothes and furniture,The seasonal event where it looks like a fur factory exploded in your house
paw swat,2,The lightning-fast smack a cat delivers to anything that needs to be knocked down,A quick batting motion that sends pens and glasses flying off tables and shelves,The speedy paw-strike cats use to test if an object is alive or just fun to push
toe tufts,2,The fluffy fur sprouting between a cat's toes like tiny adorable feather dusters,The cute toe fluff that makes some cats look like they're wearing fuzzy slippers,The soft tufts poking between toe beans that add extra cuteness to every step
burmese,2,A sleek muscular cat with golden eyes and a coat that feels like satin,The sporty kitty that's equal parts athletic and cuddly with a shiny coat,A gorgeous golden-eyed cat that follows you around like a tiny furry shadow
abyssinian,2,An energetic cat with a ticked coat that looks like a tiny mountain lion,"The adventurous, always-moving kitty that treats your house like a jungle gym",A graceful athletic cat with a wild look and the curiosity of ten kittens
whisker bump,2,The adorable puffy spot on a cat's face where all the whiskers sprout from,The chubby little mound on a kitty's muzzle that makes it extra kissable,The round face cushion that holds a cat's most important sensory equipment
korat,2,A silvery-blue cat from Thailand with heart-shaped face and emerald eyes,The good-luck kitty that shimmers like moonlight with a coat of pure silver,An ancient breed that brings fortune and has the prettiest green eyes ever
ocicat,2,A spotted cat that looks wild but is actually a cuddly domestic sweetheart,The leopard-printed kitty that has never seen a jungle but sure looks the part,A muscular spotted cat that thinks it's fierce but just wants belly rubs
tonkinese,2,A chatty medium-sized cat that's a perfect mix of playful and cuddly,The aqua-eyed beauty that combines the best traits of two beloved breeds,A mink-coated kitty that never stops talking and loves everyone it meets
devon rex,3,A pixie-faced cat with huge ears and wavy fur that feels like suede,The elfin kitty with curly whiskers and a mischievous personality,A big-eared impish cat that looks like it belongs in a fairy tale
cornish rex,2,A slender cat with soft rippled fur like a tiny lamb,The curly-coated racer with legs built for zooming and a coat like velvet waves,A wavy-furred speedster that feels like petting a warm fuzzy peach
scottish fold,3,The round-faced cat with folded ears that make it look eternally surprised,An owl-eyed kitty whose ears fold forward like tiny origami,The sweetest pouty-faced cat with ears that decided to take a permanent nap
american curl,2,A cat whose ears curl backward like tiny elegant scrolls,The kitty with ears that look like they got a permanent fancy hairdo,A cheerful cat whose curved-back ears make it look constantly delighted
norwegian,2,A giant fluffy Viking cat built for cold weather and big adventures,The forest kitty with a waterproof coat and tufted ears like a wild lynx,A massive cuddly cat that could survive a blizzard and still look fabulous
turkish van,2,The swimming cat that actually likes water and has odd-colored eyes,A white cat with colored markings only on its head and tail,The rare kitty that will jump in a bathtub on purpose and enjoy it
somali,2,A fox-tailed beauty with a ticked coat and a bushy fluffy tail,The copper-colored cat that looks like it has a magnificent lion's mane,A gorgeous long-haired cat that prances around like it knows it's stunning
munchkin,3,The adorable short-legged cat that waddles like a furry sausage,A kitty with legs so tiny it looks like it's always crouching,The low-rider of the cat world that can zoom despite its stubby little legs
lykoi,2,A partially hairless cat that looks like a tiny werewolf,The spooky-cute kitty with patchy fur and yellow eyes like a Halloween decoration,A wolf-cat that proves unique looks can be absolutely adorable
selkirk rex,2,A permanently fluffy cat with curly fur all over like a teddy bear,The sheep-cat with waves of soft curls that beg to be petted,A plush-coated kitty that looks like it stuck its paw in an electrical socket
chartreux,2,A quiet blue-gray cat with copper eyes and a sweet smile,The woolly gray kitty from France that barely ever makes a sound,A stocky silver cat that communicates with purrs instead of meows
balinese,2,A long-haired version of a chatty cat with silky flowing fur,The elegant dancer with a plumed tail and sapphire blue eyes,A graceful kitty that looks like it's wearing a fancy feather boa
polydactyl,3,A cat with extra toes that make its paws look like fuzzy mittens,The many-toed kitty that has more beans to count and love,A special cat whose giant paws have bonus digits like built-in snowshoes
tuxie,2,The nickname for a black and white cat that's always dressed formal,A dapper kitty wearing nature's fanciest outfit every single day,The cat that looks ready for a wedding or a fancy gala at all times
dilute,2,A cat with soft pastel-colored fur instead of bold bright shades,The gentle-colored kitty in dusty blue or pale cream tones,A cat whose coat looks like it was painted with watercolors
smoke,2,A cat whose fur looks dark on top but silver-white underneath,The mysterious kitty with a coat that changes color when the wind blows,A cat that appears solid black until it moves and reveals its secret silver lining
lynx point,2,A cat with tabby stripes only on its face and legs like a tiny wildcat,The pointed kitty with dramatic face markings and striped ankles,A blue-eyed beauty with stripes in all the right places
oriental,2,A sleek elegant cat with huge ears and a wedge-shaped head,The supermodel of cats with long lines and endless color options,A chatty athletic kitty that looks like modern art came to life
flame point,2,An orange and cream cat with fiery points on its face and paws,The ginger-tipped kitty with blue eyes like tropical waters,A warm-colored beauty that looks like it was dipped in marmalade
blue point,2,A pale cat with smoky gray points and icy blue eyes,The cool-toned kitty that looks like it belongs in a winter wonderland,A frosty beauty with dove-gray markings and eyes like glaciers
seal point,2,A cream-colored cat with dark brown points like melted chocolate,The classic pointed kitty that looks elegant and regal,A sophisticated cat with a caramel body and chocolate-dipped extremities
tortoiseshell,2,A cat with a gorgeous chaotic mix of orange and black splotches,The feisty kitty whose coat looks like abstract art in autumn colors,A beautifully messy patchwork cat known for having major personality
bobtail,2,A cat born with a naturally short stubby tail like a rabbit,The bunny-tailed kitty that hops around with its pompom tail bouncing,A cat whose tail decided to be extra cute and stay super short
mittens,2,The adorable white paws on a cat that look like tiny gloves,Four white socks that make any kitty look extra fancy and dressed up,The cute white feet markings that make a cat look perpetually dainty
caterwaul,2,The loud concert cats perform at night outside your window when they're feeling chatty,A dramatic singing voice cats use when they really want everyone to know how they feel,The special opera music cats make that sounds like a baby crying mixed with a trumpet
bunting,2,The sweet head-bonk cats give you to mark you as their special human with forehead kisses,When kitties rub their cheeks and head on you to leave their secret invisible scent hugs,The adorable way cats say I love you by gently bopping you with their fuzzy noggin
chattering,3,The funny clicking noise cats make with their teeth when watching birds through the window,The excited tooth-clicking sound of a kitty who sees prey but can't quite reach it,When a cat's jaw goes clickity-clack-clack because a bug or bird is just too interesting
airplane ears,2,When a kitty's ears go flat sideways making them look like they're ready for takeoff,The funny ear position that makes cats look like they've sprouted tiny wings on their head,What happens to cat ears when they're annoyed and their ears stick straight out to the sides
trampling,2,The rhythmic paw-paw-paw march cats do on your lap or a soft blanket with their feet,When kitties do their happy dance by stepping up and down in place on something cozy,The making biscuits motion where cats press their paws over and over into something squishy
sidling,1,When a cat walks up to you sideways with an arched back looking extra fluffy and silly,The funny sideways prance cats do when they're feeling playful or trying to look bigger,A kitty's crab-walk dance where they move toward you with their body turned to the side
crouch,1,The low sneaky position cats get into when they're about to pounce on an unsuspecting toy,When a kitty flattens their body close to the ground with their bottom wiggling before a jump,The hunter pose where cats make themselves small and still before launching at their target
contorting,1,The amazing twisty pretzel shapes cats can bend their bodies into while grooming,When kitties turn into furry acrobats and twist themselves into impossible yoga positions,The bendy moves cats do that make you wonder if they have any bones at all
padding,1,The soft tippy-tap sound of gentle paw steps when a cat walks across the floor,The quiet pitter-patter of little feet when a kitty sneaks around the house,When cats walk so softly you can barely hear their tiny toe beans touching the ground
head press,2,When a cat pushes their forehead firmly against you for pets or to feel better,The way kitties smoosh their face into your hand for maximum head scratching,A cat's method of getting the perfect scratch by mashing their noggin into any available surface
making muffins,3,The adorable kneading motion cats do with their paws like they're baking tiny treats,When kitties push their paws in and out on soft things pretending to be the cutest baker,The rhythmic paw pressing that looks like a cat preparing dough for breakfast pastries
scaling,1,The impressive climbing action when cats scramble straight up trees with their claws,When kitties use their sharp nails to climb vertical surfaces like tiny mountaineers,The way cats zoom up tall things using their claws like little grappling hooks
hackles up,2,When the fur along a cat's spine stands straight up making them look like a fuzzy dinosaur,What happens to back fur when a kitty gets scared and tries to look bigger and spikier,The ridge of raised floof down a cat's back that appears when they're feeling threatened
murder mittens,3,The silly name for when cats extend their super sharp claws from their soft fuzzy paws,What we call those pointy daggers that pop out of adorable toe beans during playtime,The hidden weapons inside every fluffy paw that come out for scratching and grabbing
chirrup,2,A short trilling sound cats make that sounds like a tiny bird living in their throat,The friendly prrt noise kitties use to say hi or ask you to follow them somewhere,A quick cheerful chirp-like meow cats make when they're happy to see you
monorail,2,When a cat balances perfectly on top of a narrow surface like a fence or chair back,The amazing tightrope walk cats do along the top edge of furniture or railings,A kitty's skill of walking on super thin surfaces without falling off
scarfing,1,The rapid gobbling of food when a cat eats so fast you'd think they've never seen kibble,When kitties inhale their dinner in record time without even chewing properly,The speedy eating style where cats vacuum up food like they're in an Olympic eating contest
loafing,2,Sitting in the classic bread position with all four paws tucked invisibly underneath,The art of becoming a furry loaf by folding all legs under the body in a neat rectangle,When cats sit so perfectly compact they look like someone baked them in a bread pan
saunter,1,The slow confident walk cats do when they're feeling fancy and want everyone to watch,When a kitty struts along like they own the place with their tail held high,A relaxed strolling pace cats use when they're in no hurry and feeling like royalty
stripes,2,The repeating lines on a tabby's coat that make it look like a tiny tiger,Dark lines that run across some cats' fur like they're wearing racing stripes,The pattern that makes some kitties look like little jungle cats with painted-on lines
spots,2,Little round dots all over a cat's coat like someone sprinkled them with paint,Circular markings that make some cats look like tiny leopards,The polka-dot pattern that makes certain kitties look absolutely spotacular
toes,1,The little digits at the end of each paw that hold up the toe beans,The tiny parts that help kitties walk so quietly and grip when climbing,The small extensions on each foot that let cats act like little acrobats
pupils,2,The black circles in cat eyes that get super big in the dark and skinny in bright light,The shape-shifting parts of kitty eyes that change from round moons to tiny slits,The parts of cat eyes that grow huge when they're excited or hunting
nose,1,The cute button in the middle of a cat's face that's always wiggling to smell things,The wet triangle on a kitty's snout that can smell dinner from three rooms away,The little bump at the end of the snout that touches everything during investigation time
ears,1,The fuzzy triangles on top of a cat's head that swivel around like tiny satellite dishes,The pointy parts that can rotate to hear a treat bag opening from anywhere in the house,The triangle-shaped detectors on a kitty's head that pick up every single sound
chin,1,The bottom part of a cat's face that they love having scratched and rubbed,The spot under a kitty's mouth where scritches are always appreciated and purrs guaranteed,The underside of the face where cats enjoy getting gentle pets and rubs
cheeks,2,The puffy parts on the sides of a cat's face that they rub on everything,The soft spots next to the whiskers that cats use for bonking people affectionately,The fluffy sides of a kitty's face especially big on boy cats
ruff,2,The extra fluffy fur around a cat's neck like wearing a lion's mane,The floofy neck fur that makes some kitties look like they're wearing a natural scarf,The thick collar of fur around the neck that's extra soft and pettable
haunches,1,The powerful back legs and hips that help cats jump super high and pounce perfectly,The strong back end full of spring-loaded jumping power,The muscular back quarters that let kitties leap onto counters in a single bound
muzzle,2,The front part of a cat's face including the nose and whisker spots,The cute snout area where all the important smelling and eating happens,The protruding part of the face that gets booped and gives gentle kisses
jowls,1,The fuller cheeks that some cats develop making them look extra chubby and cute,The puffy lower cheeks that make some kitties look like they're storing snacks,The round soft parts of the lower face that give some cats an adorably chonky appearance
coat,1,All the fur covering a cat's body that comes in every color of the rainbow,The complete outfit of fur that every kitty wears and sheds all over your clothes,The fluffy covering that keeps cats warm and makes them irresistibly soft to pet
mane,2,The extra thick fur around some cats' necks like a lion's fluffy crown,The especially puffy fur collar that makes certain kitties look majestic and royal,The impressive neck floof that makes some cats look like tiny jungle royalty
scruff,2,The loose skin on the back of a cat's neck where mama cats carry kittens,The stretchy area behind the head that makes cats go limp when held gently,The extra skin at the nape left over from kittenhood carrying days
locket,2,A white spot on a cat's chest like wearing a special necklace or pendant,The small white marking on the front of a dark-colored cat like a tiny treasure,A splash of white fur on the chest that stands out like a precious jewel
blaze,2,A streak of color down a cat's face like a racing stripe right down the middle,The vertical marking running from forehead to nose making kitties look extra fancy,A stripe of contrasting color on the face like someone painted a line with a brush
rosette,2,Spot patterns that look like little flowers found on fancy cats like Bengals,The circular markings with darker edges that make some cats look covered in tiny roses,Flower-shaped spots that give certain kitties a wild exotic leopard appearance
plume,2,A super fluffy fancy tail that looks like a feather duster or beautiful fan,An extra-floofy plumed-out tail that waves around majestically when walking,The most luxuriously fluffy type of tail like a peacock feather made of soft fur
torbie,2,A mix of tortoiseshell patches and tabby stripes like wearing two patterns at once,The combination pattern where colorful splotches meet swirly stripes on the same cat,A double-pattern coat mixing stripes and color patches together in a beautiful mess
patch,1,A spot of different colored fur like someone spilled paint on just one area,An area where the fur is a totally different color from the rest of the coat,A splotch of contrasting color that makes each cat's pattern completely unique
points,2,Darker colored ears and face and paws and tail like wearing dark accessories,The colored markings on the extremities that look like they dipped their parts in paint,The darker areas on face and feet and tail that stand out from the lighter body fur
boots,2,When a cat's legs are a different color like wearing tall socks or rain boots,Dark or white leg markings that make it look like kitty got dressed in footwear,The two-toned leg coloring that makes cats appear to be wearing fancy footwear
mask,2,Dark markings around a cat's eyes like wearing a superhero costume,The darker coloring around the eyes that makes some cats look mysterious and masked,Face markings that make kitties look like they're ready for a masquerade ball
rings,1,Circular stripes around a cat's tail or legs like wearing bracelets and anklets,The bands of color that wrap around tails and limbs in repeating patterns,Striped circles that make tails look like they're wearing stacked rings or hoops
biscuits,3,When kitties push their paws up and down on something soft like making dough,The kneading motion cats do when they're super happy and cozy just like a baker,Those adorable paw pushies that cats do on blankets when they're feeling extra loved
nip naps,2,Quick little snoozes taken after playing with a favorite minty herb,Short sleepy times that happen throughout the day like power naps for whiskers,Those many tiny sleep sessions cats take between their important daily activities
chat,1,The French word for our furry feline friends that sounds like a fancy hat,What people in France call these purring pets and it sounds adorable,A one-syllable word meaning kitty in another language
meowzer,2,A super silly way to say the sound a cat makes when talking to you,An extra playful version of the classic kitty sound with more pizzazz,A fun goofy word for that classic feline noise but with added silliness
groomer,1,Someone who gives professional baths and fancy haircuts to fluffy pets,A person whose job is making cats look beautiful and trimming their claws,The human who brushes and trims fur to keep it silky and tangle-free
vet,1,The doctor for animals who gives checkups and makes pets feel better,A special pet doctor that kitties visit to stay healthy,The place where shots happen and temperatures get taken
ginger,2,An orange or reddish colored cat that looks warm and toasty,Marmalade colored fur in shades of orange and cream,That lovely orange-red fur color like autumn leaves or carrots
nose kiss,2,When your kitty gently touches their wet little nose to your face to say hello,The sweet greeting where a cat bumps you with their cold nose tip as a sign of love,That quick gentle nose-boop your feline friend gives you to show affection
floofed,2,When fur puffs up really big to look scary making a skinny cat look huge,That state of being extra puffy because of being startled or cold,Having fur all fluffed out like a dandelion puff
slinky,1,Moving in a smooth sneaky way slithering around like a furry snake,Walking low to the ground in a prowling hunting stance,That graceful flowing movement when stalking or sneaking around
meowmy,2,A silly cute name for a cat's favorite human mama,What a kitty might call the lady who feeds and cuddles them,A playful word mixing meow with mommy for the human caretaker
cat burglar,3,A sneaky kitty who steals things when you're not looking and hides them under the couch,This furry thief loves to swipe treats off the counter when everyone's asleep,A whisker-faced bandit who collects your socks for their secret treasure stash
hunter mode,2,When a kitty's eyes go super wide and they wiggle their bottom before pouncing,The serious face a cat makes when they spot a bug and transform into a tiny predator,That funny crouch and tail-wiggle dance before your furry friend attacks their prey
elevator butt,3,When you scritch above a kitty's tail and their bottom goes up up up like magic,The silly automatic reaction where gentle back scratches make a cat's rear end lift,That hilarious moment when petting makes a feline's behind rise like it's floating
biscuit time,2,When a happy kitty pushes their paws up and down on something soft like making dough,The adorable kneading motion cats do with their toe beans when they're super cozy,Kitty massage therapy where your purring pal presses their paws into your blanket
chirp mode,2,The excited chattering sound a cat makes when watching birds through the window,When your kitty sees prey and makes those funny clicking noises with their mouth,The cute stuttering meow-chirp-trill combo that means I really really want that
monkey tail,2,When a cat's tail goes straight up with a cute little hook at the very tippy top,The happy question-mark shape a friendly feline's tail makes when saying hello,That adorable curly-tip tail position that looks like a fuzzy candy cane
zoomie hour,2,The magical time usually at 3am when cats race around the house like tiny race cars,Kitty's sudden burst of crazy energy when they run up walls and zoom through every room,The wild midnight sprint where your furry friend acts like they've seen invisible ghosts
tail question,2,When a cat's tail goes straight up like they're asking what's up in a friendly way,The vertical tail position that means your kitty is happy to see you,That perky upright tail pose that's like a cheerful wave from your furry companion
tummy trap,3,When a cat shows their fluffy belly but touching it is definitely NOT allowed,The adorable belly display that looks like an invitation but is actually a sneaky setup,That irresistible fuzzy tummy that looks so soft but petting it means your hand gets grabbed
window duty,2,A cat's very important job of watching birds and keeping track of everything outside,When your kitty sits for hours staring out the glass like a furry security guard,The serious surveillance work cats do making sure no squirrels invade their kingdom
sniff test,2,When a kitty carefully smells everything new with their cute little nose,The important inspection cats do checking out unfamiliar objects with detective nose-work,Your feline friend's way of investigating the world one careful nose-touch at a time
flop down,2,When a happy cat suddenly drops sideways onto the ground to show their belly,The dramatic trust-fall move kitties do when they're super relaxed and want attention,That adorable plop-over motion where a cat throws themselves on the floor
paw tuck,2,When a sleepy kitty curls one or both front paws under their chest for coziness,The sweet way cats fold their little hands when settling in for a nice long rest,That precious pose where toe beans disappear under a cat's body like a fuzzy muff
chat mode,2,When your kitty makes all sorts of meows and trills like having a real conversation,The talkative moments where your feline responds with different sounds to everything,Kitty's verbal time when they use their voice to tell you very important cat opinions
sneak attack,2,When a hiding cat suddenly pounces on your ankles as you walk by,The ambush move where your furry hunter leaps out from under furniture to catch you,That sneaky pounce from a hiding spot that makes you jump while kitty thinks it's hilarious
blanket nest,2,When a cat burrows under covers and makes a cozy cave to hide and nap in,The warm fort your kitty creates by tunneling into bedding and curling up inside,That lump under your blankets that's actually a purring furball in their secret hideout
tail hug,2,When a sitting cat wraps their tail around their paws like a fuzzy scarf,The polite way kitties sit with their tail curled neatly around their toe beans,That tidy tail-wrap cats do to keep their paws warm and look extra elegant
shadow friend,2,When your cat follows you everywhere like a furry little stalker even to the bathroom,The loyal kitty who walks behind you from room to room all day long,Your persistent feline companion who refuses to let you out of their sight
squint smile,2,The happy face cats make when they close their eyes halfway and look super content,Those sleepy half-closed eyes that mean your kitty is relaxed and trusts you,The peaceful expression with soft eyes that's like your feline friend is smiling at you
perch time,2,When a cat climbs to the highest spot to survey their kingdom from above,Kitty's favorite activity sitting way up high on shelves or furniture to watch the world,The hours your furry friend spends on top of the fridge being the king of the mountain
paw reach,2,When a curious cat stretches one little leg out super far to bat at something,The extended toe bean move kitties use to test if something is safe to touch,That careful long-distance tap where your cat investigates with one stretched-out paw
treat time,2,The most exciting moment of a cat's day when they get their special yummy snacks,When you shake that crinkly bag and every kitty in the house comes running,The magical words that make your furry friend suddenly appear and act extra cute
paw socks,2,The cute white feet that make it look like a cat is wearing tiny fuzzy boots,When a kitty has different colored toe beans than their body like wearing pajamas,Those adorable white paws on a darker cat that look like they put on little slippers
stealth mode,2,When a cat slinks along close to the ground moving super slowly like a ninja,The sneaky stalking walk kitties do when they're hunting or trying not to be noticed,Your feline's secret agent moves with belly low and paws silent as they creep
tail thump,2,When an annoyed cat smacks their tail on the ground like drumming out their feelings,The not-so-happy tail wag that sounds like whap-whap-whap on the floor,That warning sign where your kitty's tail hits the ground hard to say I'm getting grumpy
cuddle puddle,3,When multiple cats sleep together in one big pile of fuzzy warmth and purrs,A group of kitties all snuggled up close sharing body heat and looking adorable,The precious sight of two or more feline friends curled up together as one furry blob
stretch time,2,When a cat does that long full-body stretch with their bottom in the air,The yoga pose kitties do after waking up with front legs way out and back arched,That satisfying whole-body extension where your furry friend looks twice as long
